cod_tienda_facturacion,nombre_tienda_facturacion,cadena_facturacion
368,FLORIDA CENTER (368),CAMPER
919,PZA EL ROBLE (919),BLUE TOMATO
178,ECOM (178),ECOMMERCE
155,ECOM (155),ECOMMERCE
160,PLAZA VESPUCIO (160),AIRWALK
179,ALTO LAS CONDES (179),AIRWALK
109,LA REINA (109),URBAN OUTFITTERS
60,PARQUE ARAUCO (60),FATFACE
905,CONCEPCION (905),CARHARTT
128,PORTAL RANCAGUA (128),CARHARTT
267,ECOM (267),ECOMMERCE
187,COSTANERA CENTER (187),LULULEMON
98,M. PZA. TREBOL 2 (98),CAMPER
28,MALL PUERTO MONTT (28),CAMPER
801,ALTO LAS CONDES (801),ALO YOGA
540,PUERTO MONTT (540),JACK WOLFSKIN
186,FLORIDA CENTER (186),LULULEMON
242,PASEO VALDIVIA (242),LULULEMON
685,FLORIDA CENTER (685),JACK WOLFSKIN
583,MALL PZA OESTE (583),GRENDHA
161,COSTANERA (161),AIRWALK
674,PORTAL NUNOA (674),CARHARTT
69,MALL M.ARAUCO (69),FATFACE
832,PLAZA EGANA (832),JACK WOLFSKIN
2,PARQUE ARAUCO (2),CAMPER
888,PORTAL TEMUCO (888),BOBUX
223,PLAZA VESPUCIO (223),LULULEMON
830,PLAZA EGANA (830),CARHARTT
166,BUENAVENTURA (166),KEEN
535,ARAUCO MAIPU (535),GRENDHA
452,FLORIDA CENTER (452),FATFACE
902,MARINA ARAUCO (902),FINISTERRE
141,LA FABRICA (141),CARHARTT
897,ARAUCO MAIPU (897),BOBUX
854,PZA OESTE (854),CARHARTT
777,COSTANERA CENTER (777),CARHARTT
719,MARINA ARAUCO (719),KEEN
416,MELIPILLA (416),CAMPER
672,PLAZA TREBOL (672),CARHARTT
331,LOS ANGELES (331),FATFACE
8,ALTO LAS CONDES (8),CAMPER
209,EL BELLOTO (209),URBAN OUTFITTERS
835,PLAZA EGANA (835),KEEN
796,AIRES VESPUCIO (796),JACK WOLFSKIN
456,MALL TEMUCO (456),FATFACE
807,PORTAL TEMUCO (807),CARHARTT
175,COSTANERA (175),BLUE TOMATO
526,PLAZA VESPUCIO (526),GRENDHA
764,COSTANERA CENTER (764),FATFACE
195,PORTAL TEMUCO (195),LULULEMON
454,PARQUE ARAUCO (454),JACK WOLFSKIN
123,LOS DOMINICOS (123),CAMPER
601,PLAZA EL TREBOL (601),JACK WOLFSKIN
549,MARINA ARAUCO (549),JACK WOLFSKIN
765,COSTANERA CENTER (765),JACK WOLFSKIN
129,PORTAL RANCAGUA (129),CAMPER
493,MALL CURICO (493),FATFACE
150,INDEPENDENCIA (150),CARHARTT
660,PZA LOS ANGELES (660),JACK WOLFSKIN
682,PORTAL NUNOA (682),FATFACE
221,CONCEPCION (221),URBAN OUTFITTERS
232,PARQUE ARAUCO (232),ALO YOGA
763,COSTANERA CENTER (763),KEEN
841,ARAUCO MAIPU (841),KEEN
154,VALDIVIA (154),JACK WOLFSKIN
31,PLAZA VESPUCIO (31),CAMPER
768,COSTANERA CENTER (768),CAMPER
34,IQUIQUE (34),CAMPER
19,VALDIVIA (19),CAMPER
110,LA FABRICA (110),URBAN OUTFITTERS
898,FACTORY CURAUMA (898),URBAN OUTFITTERS
114,VIVO LA FLORIDA (114),URBAN OUTFITTERS
731,PTO MONTT (731),URBAN OUTFITTERS
606,LA SERENA (606),URBAN OUTFITTERS
821,MALL SPORT (821),BLUE TOMATO
908,ARAUCO MAIPU (908),BLUE TOMATO
822,A.LAS CONDES (822),BLUE TOMATO
149,TALCA (149),BLUE TOMATO
257,PARQUE ARAUCO (257),BLUE TOMATO
243,PASEO VALDIVIA (243),BLUE TOMATO
840,PZA EGANA (840),BLUE TOMATO
170,OPEN KENNEDY (170),BLUE TOMATO
885,ALTO LAS CONDES (885),FINISTERRE
895,IQUIQUE (895),FINISTERRE
844,PZA ANTOFAGASTA (844),FINISTERRE
95,TALCAHUANO (95),FAMOUS FOOTWEAR
127,PORTAL RANCAGUA (127),FATFACE
917,PASEO CHILOE (917),FATFACE
487,PLAZA ANTOFAGASTA (487),FATFACE
374,PLAZA NORTE (374),FATFACE
220,PLAZA OESTE (220),FATFACE
373,LA DEHESA (373),FATFACE
773,CONCEPCION CENTRO (773),FATFACE
65,PLAZA VESPUCIO (65),FATFACE
62,PLAZA DEL TREBOL (62),FATFACE
68,PLAZA LA SERENA (68),FATFACE
247,PLAZA MAULE (247),FATFACE
753,SAN PEDRO 2 (753),FATFACE
573,MALL ARAUCO MAIPU (573),FATFACE
43,PLAZA EL ROBLE (43),FATFACE
63,ALTO LAS CONDES (63),FATFACE
875,PLAZA COPIAPO (875),FATFACE
330,PUERTO MONTT (330),FATFACE
449,IQUIQUE (449),FATFACE
64,PUCON (64),FATFACE
122,LOS DOMINICOS (122),CARHARTT
676,PLAZA NORTE (676),CARHARTT
843,ALTO LAS CONDES (843),CARHARTT
876,PLAZA COPIAPO (876),CARHARTT
171,VALDIVIA (171),CARHARTT
703,PZA ANTOFAGASTA (703),CARHARTT
909,PUERTO MONTT (909),CARHARTT
465,PARQUE ARAUCO (465),CARHARTT
904,PZA EL ROBLE (904),CARHARTT
702,PLAZA CALAMA (702),CARHARTT
798,PLAZA VESPUCIO (798),CARHARTT
894,PLAZA SUR (894),REI
750,MELIPILLA (750),REI
462,MALL TEMUCO (462),REI
926,MALL SAN FERNANDO (926),REI
445,IQUIQUE (445),REI
163,PARQUE ARAUCO (163),AIRWALK
159,ARAUCO MAIPU (159),AIRWALK
241,PASEO COSTANERA (241),AIRWALK
165,MARINA ARAUCO (165),AIRWALK
185,CHILLAN (185),AIRWALK
229,PORTAL TEMUCO (229),AIRWALK
172,VALDIVIA (172),AIRWALK
162,BUENAVENTURA (162),AIRWALK
192,PARQUE ARAUCO (192),LULULEMON
235,MALL SPORT (235),LULULEMON
191,SAN PEDRO OUTLET (191),LULULEMON
240,PASEO COSTANERA (240),LULULEMON
224,PLAZA EL TREBOL (224),LULULEMON
199,LOS DOMINICOS (199),LULULEMON
190,COQUIMBO OUTLET (190),LULULEMON
193,CURAUMA OUTLET (193),LULULEMON
188,BUENAVENTURA OUTLET (188),LULULEMON
197,ANTOFAGASTA (197),LULULEMON
189,MARINA ARAUCO (189),LULULEMON
194,EASTON OUTLET (194),LULULEMON
119,MALL SPORT (119),JACK WOLFSKIN
140,PLAZA SUR (140),JACK WOLFSKIN
678,PZA ANTOFAGASTA (678),JACK WOLFSKIN
238,PLAZA OESTE (238),JACK WOLFSKIN
142,LA FABRICA (142),JACK WOLFSKIN
684,PORTAL TEMUCO (684),JACK WOLFSKIN
742,ALTO LAS CONDES (742),JACK WOLFSKIN
911,PUERTO MONTT (911),KEEN
853,PZA OESTE (853),KEEN
655,PARQUE ARAUCO (655),KEEN
856,PORTAL TEMUCO (856),KEEN
699,PZA TREBOL (699),KEEN
907,CURICO (907),KEEN
532,VINA (532),GRENDHA
7,LYON (7),CAMPER
420,VINA (420),FAMOUS FOOTWEAR
30,MAIPU (30),URBAN OUTFITTERS
24,ARICA (24),CAMPER
565,WOMAN (565),CHARLES & KEITH
412,MAIPU (412),FAMOUS FOOTWEAR
408,TALCA (408),FAMOUS FOOTWEAR
786,TALCA (786),CHARLES & KEITH
529,ESTADO (529),GRENDHA
533,TEMUCO (533),GRENDHA
778,TALCA (778),CARHARTT
747,EASTON (747),URBAN OUTFITTERS
470,CALAMA (470),REI
781,OSORNO (781),REI
683,CURICO (683),BOBUX
394,TEMUCO (394),BOBUX
18,OSORNO (18),CAMPER
372,OVALLE (372),CAMPER
17,TEMUCO (17),CAMPER
705,AIRES (705),KEEN
125,PUCON (125),KEEN
101,ESTADO (101),L.K. BENNETT
113,TALCA (113),FATFACE
329,CALAMA (329),FATFACE
124,OSORNO (124),FATFACE
61,TEMUCO (61),FATFACE
422,CURICO (422),FAMOUS FOOTWEAR
429,TEMUCO (429),FAMOUS FOOTWEAR
806,OSORNO (806),CHARLES & KEITH
673,BALTHUS (673),SWEATY BETTY
748,CURICO (748),CARHARTT
446,TALCA 2 (446),REI
790,BIO BIO (790),CAMPER
16,CHILLAN (16),CAMPER
10,COPIAPO (10),CAMPER
404,ALAMEDA (404),FAMOUS FOOTWEAR
425,CHILLAN (425),FAMOUS FOOTWEAR
661,LINARES (661),FAMOUS FOOTWEAR
133,TALCA 2 (133),FAMOUS FOOTWEAR
805,RANCAGUA (805),GRENDHA
906,YOUTOPIA (906),SWEATY BETTY
442,RANCAGUA (442),REI
602,RANCAGUA (602),CAMPER
37,VALDIVIA (37),FATFACE
789,CURICO 2 (789),FAMOUS FOOTWEAR
398,MATUCANA (398),FAMOUS FOOTWEAR
402,QUILLOTA (402),FAMOUS FOOTWEAR
816,MELIPILLA (816),GRENDHA
121,PENUELAS (121),FINISTERRE
812,QUILICURA (812),URBAN OUTFITTERS
3,AGUSTINAS (3),CAMPER
1,AHUMADA 1 (1),CAMPER
5,APUMANQUE (5),CAMPER
670,COYHAIQUE (670),CAMPER
370,LA DEHESA (370),CAMPER
11,LA SERENA (11),CAMPER
108,LOS ANDES (108),CAMPER
714,PLAZA SUR (714),CAMPER
860,VALDIVIA (860),KEEN
387,LA DEHESA (387),L.K. BENNETT
671,COYHAIQUE (671),FATFACE
662,LOS ANDES (662),FAMOUS FOOTWEAR
732,PTO MONTT (732),FAMOUS FOOTWEAR
397,SAN PABLO (397),FAMOUS FOOTWEAR
772,PZA NORTE (772),CHARLES & KEITH
686,MALL SPORT (686),SWEATY BETTY
916,PTO VARAS (916),JACK WOLFSKIN
33,HUECHURABA (33),URBAN OUTFITTERS
651,VALPARAISO (651),URBAN OUTFITTERS
22,CONCEPCION (22),CAMPER
471,SAN FELIPE (471),CAMPER
604,SANTA CRUZ (604),CAMPER
14,VALPARAISO (14),CAMPER
338,VILLARRICA (338),CAMPER
696,LA DEHESA (696),KEEN
414,VALPARAISO (414),FAMOUS FOOTWEAR
745,PZA TREBOL (745),CHARLES & KEITH
837,PLAZA EGANA (837),GRENDHA
850,MALL SPORT (850),FINISTERRE
120,VIVO TEMUCO (120),URBAN OUTFITTERS
797,ECOM (797),ECOMMERCE
930,ECOM (930),ECOMMERCE
492,MALL CURICO (492),REI
829,PLAZA EGANA (829),REI
46,PLAZA OESTE (46),REI
642,SAN ANTONIO (642),REI
836,PLAZA EGANA (836),BOBUX
367,PLAZA NORTE (367),BOBUX
56,PLAZA OESTE (56),BOBUX
20,LOS ANGELES (20),CAMPER
332,MALL CALAMA (332),CAMPER
461,MALL TEMUCO (461),CAMPER
834,PLAZA EGANA (834),CAMPER
371,PLAZA NORTE (371),CAMPER
25,PLAZA OESTE (25),CAMPER
680,WOMAN AIRES (680),CHARLES & KEITH
659,MALL SPORT (659),ARC'TERYX
112,MALL SPORT (112),KEEN
831,PLAZA EGANA (831),FATFACE
364,IRARRAZAVAL (364),FAMOUS FOOTWEAR
638,MALL CURICO (638),CHARLES & KEITH
833,PLAZA EGANA (833),CHARLES & KEITH
636,PLAZA OESTE (636),CHARLES & KEITH
589,MALL ALAMEDA (589),GRENDHA
648,BUENAVENTURA (648),URBAN OUTFITTERS
884,FACTORY VINA (884),URBAN OUTFITTERS
590,MALL ALAMEDA (590),URBAN OUTFITTERS
90,OUTLET MAIPU (90),URBAN OUTFITTERS
591,MALL ALAMEDA (591),REI
751,VINA DEL MAR (751),REI
491,MALL CURICO (491),CAMPER
915,PASEO CHILOE (915),CAMPER
675,PORTAL NUNOA (675),CAMPER
131,PORTAL TALCA (131),CAMPER
914,PUERTO VARAS (914),CAMPER
543,PUNTA ARENAS (543),CAMPER
603,SAN FERNANDO (603),CAMPER
782,LOS ANGELES (782),KEEN
219,PUERTO VARAS (219),FATFACE
426,PUNTA ARENAS (426),FATFACE
403,GRAN AVENIDA (403),FAMOUS FOOTWEAR
467,PLAZA PUENTE (467),FAMOUS FOOTWEAR
391,SAN BERNARDO (391),FAMOUS FOOTWEAR
809,TALCAHUANO 3 (809),FAMOUS FOOTWEAR
842,ARAUCO MAIPU (842),CHARLES & KEITH
886,P. GALES (886),BLUE TOMATO
116,PENUELAS (116),BLUE TOMATO
936,VALDIVIA (936),BLUE TOMATO
597,MALL TOBALABA (597),GRENDHA
559,MARINA ARAUCO (559),GRENDHA
525,PARQUE ARAUCO (525),GRENDHA
847,PZA TOBALABA (847),FINISTERRE
799,ARAUCO MAIPU (799),CARHARTT
800,ARAUCO MAIPU (800),JACK WOLFSKIN
126,PLAZA CALAMA (126),JACK WOLFSKIN
130,PUNTA ARENAS (130),JACK WOLFSKIN
918,PZA EL ROBLE (918),JACK WOLFSKIN
872,PZA. COPIAPO (872),JACK WOLFSKIN
4,DEPARTAMENTAL (4),URBAN OUTFITTERS
569,PASEO SAN BDO (569),REI
592,PZA LA SERENA (592),REI
58,MARINA ARAUCO (58),BOBUX
50,PARQUE ARAUCO (50),BOBUX
55,PASEO DEL MAR (55),BOBUX
877,PLAZA COPIAPO (877),BOBUX
49,MARINA ARAUCO (49),CAMPER
570,PASEO SAN BDO (570),CAMPER
878,PLAZA COPIAPO (878),CAMPER
920,PZA EL ROBLE (920),KEEN
107,MARINA ARAUCO (107),L.K. BENNETT
102,PARQUE ARAUCO (102),L.K. BENNETT
735,PTO NATALES 2 (735),FATFACE
88,DEPARTAMENTAL (88),FAMOUS FOOTWEAR
663,PUENTE ALTO 3 (663),FAMOUS FOOTWEAR
478,TALCAHUANO II (478),FAMOUS FOOTWEAR
873,PLAZA COPIAPO (873),CHARLES & KEITH
824,PZA NORTE (824),BLUE TOMATO
825,PZA OESTE (825),BLUE TOMATO
612,FLORIDA CENTER (612),GRENDHA
752,VINA DEL MAR 2 (752),GRENDHA
668,MARINA ARAUCO (668),CARHARTT
931,PORTAL OSORNO (931),CARHARTT
932,PORTAL OSORNO (932),JACK WOLFSKIN
523,PLAZA EL ROBLE (523),REI
599,PLAZA TOBALABA (599),REI
366,FLORIDA CENTER (366),BOBUX
868,PLAZA EL ROBLE (868),BOBUX
600,PLAZA TOBALABA (600),BOBUX
53,PLAZA VESPUCIO (53),BOBUX
27,PLAZA TOBALABA (27),CAMPER
580,PUNTA ARENAS 2 (580),CAMPER
13,VINA DEL MAR 2 (13),CAMPER
463,PASEO ESTACION (463),FAMOUS FOOTWEAR
564,PORTAL CHILLAN (564),FAMOUS FOOTWEAR
867,PLAZA EL ROBLE (867),CHARLES & KEITH
115,FLORIDA CENTER (115),BLUE TOMATO
827,PZA TREBOL (827),BLUE TOMATO
524,ALTO LAS CONDES (524),GRENDHA
611,MALL DEL CENTRO (611),GRENDHA
586,MALL PANORAMICO (586),GRENDHA
595,MALL PZA SERENA (595),GRENDHA
577,MALL PZA TREBOL (577),GRENDHA
584,PZA ANTOFAGASTA (584),GRENDHA
801,ALTO LAS CONDES (801),SWEATY BETTY
453,FLORIDA CENTER (453),CARHARTT
780,PLAZA TOBALABA (780),CARHARTT
52,ALTO LAS CONDES (52),BOBUX
912,PASEO COSTANERA (912),BOBUX
729,PZA DE LOS RIOS (729),BOBUX
97,M.PZA.LA SERENA (97),CAMPER
9,MALL DEL CENTRO (9),CAMPER
522,PASEO COSTANERA (522),CAMPER
887,FLORIDA CENTER (887),KEEN
104,ALTO LAS CONDES (104),L.K. BENNETT
605,PUNTA ARENAS II (605),FATFACE
111,OUTLET PUDAHUEL (111),FAMOUS FOOTWEAR
669,PZA LOS ANGELES (669),CHARLES & KEITH
862,MALL SAN ANTONIO (862),GRENDHA
779,AIRES LA SERENA (779),CARHARTT
724,PZA DE LOS RIOS (724),CARHARTT
728,PZA DE LOS RIOS (728),JACK WOLFSKIN
882,FACTORY RANCAGUA (882),URBAN OUTFITTERS
448,MALL CENTRO STGO (448),REI
45,PLAZA DEL TREBOL (45),REI
901,COSTANERA CENTER (901),BOBUX
54,PLAZA DEL TREBOL (54),BOBUX
864,MALL SAN ANTONIO (864),CAMPER
730,ALTO LAS CONDES (730),KEEN
770,COSTANERA CENTER (770),L.K. BENNETT
103,PLAZA DEL TREBOL (103),L.K. BENNETT
645,AIRES P.VESPUCIO (645),FATFACE
855,PASEO ESTACION 2 (855),FAMOUS FOOTWEAR
784,AIRES LA SERENA (784),CHARLES & KEITH
851,BUENAVENTURA (851),URBAN OUTFITTERS
823,PZA VESPUCIO (823),BLUE TOMATO
928,MALL SAN FERNANDO (928),GRENDHA
743,PORTAL LA DEHESA (743),JACK WOLFSKIN
889,FACTORY LO ESPEJO (889),URBAN OUTFITTERS
869,FACTORY SAN PEDRO (869),URBAN OUTFITTERS
457,MALL PASEO QUILIN (457),URBAN OUTFITTERS
47,MALL ARAUCO MAIPU (47),REI
488,PLAZA ANTOFAGASTA (488),REI
486,PLAZA ANTOFAGASTA (486),BOBUX
775,CONCEPCION CENTRO (775),CAMPER
575,MALL ARAUCO MAIPU (575),CAMPER
927,MALL SAN FERNANDO (927),CAMPER
485,PLAZA ANTOFAGASTA (485),CAMPER
520,PLAZA LOS ANGELES (520),CAMPER
815,COSTANERA CENTER (815),ARC'TERYX
167,BUENAVENTURA (167),CARHARTT
152,ECOM (152),ECOMMERCE
447,TALCA 2 (447),CAMPER
828,QUILICURA (828),URBAN OUTFITTERS
615,RANCAGUA (615),URBAN OUTFITTERS
42,PLAZA VESPUCIO (42),REI
450,FLORIDA CENTER (450),REI
766,PTA ARENAS (766),ARC'TERYX
437,QUILICURA (437),FAMOUS FOOTWEAR
785,MALL ANTOFAGASTA (785),CHARLES & KEITH
744,PARQUE ARAUCO (744),CHARLES & KEITH
808,PLAZA TOBALABA (808),CHARLES & KEITH
846,PZA VESPUCIO (846),FINISTERRE
848,MALL PZA TREBOL (848),FINISTERRE
135,COYHAIQUE (135),JACK WOLFSKIN
156,COPIAPO (156),KEEN
169,PORTAL OSORNO (169),GRENDHA
228,PORTAL EL LLANO (228),CARHARTT
183,ECOM (183),ECOMMERCE
181,ECOM (181),ECOMMERCE
180,LA DEHESA (180),GRENDHA
230,COPIAPO (230),GRENDHA
148,TALCA (148),GRENDHA
137,TOBALABA (137),JACK WOLFSKIN
138,PUERTO VARAS (138),BLUE TOMATO
139,PLAZA SUR (139),CARHARTT
184,BUENAVENTURA (184),CAMPER
134,IQUIQUE (134),CARHARTT
227,PORTAL EL LLANO (227),GRENDHA
182,CURICO (182),GRENDHA
132,PUERTO VARAS (132),KEEN
136,COYHAIQUE (136),KEEN
147,LA SERENA (147),KEEN
174,TALCA (174),KEEN
232,PARQUE ARAUCO (232),SWEATY BETTY
153,PASEO CHILOE (153),CARHARTT
641,ZAPALLAR (641),FATFACE
859,ZAPALLAR (859),BLUE TOMATO
849,MALL PZA SUR (849),FINISTERRE
245,MARINA ARAUCO (245),ALO YOGA
246,CASA COSTANERA (246),ALO YOGA
255,PLAZA TREBOL (255),AIRWALK
352,FLORIDA CENTER (352),GEOX KIDS
571,PASEO SAN BDO. (571),GRENDHA
66,VALLE NEVADO (66),FATFACE
686,MALL SPORT (686),ALO YOGA
237,LOS ANGELES (237),CARHARTT
268,MARINA ARAUCO (268),OOFOS
259,ALTO LAS CONDES (259),OOFOS
258,PUCON (258),JACK WOLFSKIN
256,CURICO (256),JACK WOLFSKIN
269,ARAUCO MAIPU (269),CARHARTT
251,VALDIVIA (251),GRENDHA
253,PLAZA ANTOFAGASTA (253),AIRWALK
252,PLAZA OESTE (252),AIRWALK
254,PLAZA OESTE (254),LULULEMON
270,TALCA (270),JACK WOLFSKIN
250,ANTOFAGASTA (250),KEEN
272,PUERTO VARAS (272),KEEN
249,CALAMA (249),KEEN
244,PASEO CHILOE (244),KEEN
261,CASA COSTANERA (261),DURANCE
264,ALTO LAS CONDES (264),DURANCE
260,LUIS PASTEUR (260),DURANCE
265,COSTANERA CENTER (265),DURANCE
262,LA DEHESA (262),DURANCE
263,PARQUE ARAUCO (263),DURANCE
271,MARINA ARAUCO (271),ACCESSORIZE
177,ECOM (177),ECOMMERCE
225,ECOM (225),ECOMMERCE
196,ECOM (196),ECOMMERCE
173,EASTON TEMUCO (173),FAMOUS FOOTWEAR
168,MID MALL MAIPU (168),FAMOUS FOOTWEAR
151,COQUIMBO (151),REI
273,PUERTO VARAS (273),BLUE TOMATO
280,PARQUE ARAUCO FH (280),LULULEMON
275,COSTANERA CENTER (275),OOFOS
276,VESPUCIO (276),OOFOS
274,BUENAVENTURA (274),OOFOS
278,SAN CARLOS APOQ (278),DURANCE
277,CASA COSTANERA (277),ACCESSORIZE
266,MARINA ORIENTE (266),DURANCE
144,PLAZA PUENTE ALTO (144),FAMOUS FOOTWEAR
164,BUENAVENTURA (164),L.K. BENNETT
143,PLAZA EL BOSQUE (143),FAMOUS FOOTWEAR
279,VESPUCIO LIQ (279),FATFACE
146,DEPARTAMENTAL (146),FAMOUS FOOTWEAR
198,ARICA OUTLET (198),LULULEMON
158,ECOM (158),ECOMMERCE
236,EXPO MARATON (236),LULULEMON
